<gmd:MD_Metadata xmlns:gco="http://www.isotc211.org/2005/gco" xmlns:gmd="http://www.isotc211.org/2005/gmd" xmlns:gml="http://www.opengis.net/gml" xmlns:gts="http://www.isotc211.org/2005/gts" xmlns:xlink="http://www.w3.org/1999/xlink" xmlns="http://www.isotc211.org/2005/gmd">
  <gmd:fileIdentifier>
    <gco:CharacterString>967d1a35-f448-9fde-a246-3088a3033de6</gco:CharacterString>
  </gmd:fileIdentifier>
  <gmd:language>
    <gco:CharacterString>eng</gco:CharacterString>
  </gmd:language>
  <gmd:characterSet>
    <gmd:MD_CharacterSetCode codeList="http://asdd.ga.gov.au/asdd/profileinfo/gmxCodelists.xml#MD_CharacterSetCode" codeListValue="utf8">utf8</gmd:MD_CharacterSetCode>
  </gmd:characterSet>
  <gmd:hierarchyLevel>
    <gmd:MD_ScopeCode codeList="http://asdd.ga.gov.au/asdd/profileinfo/GAScopeCodeList.xml#MD_ScopeCode" codeListValue="dataset">dataset</gmd:MD_ScopeCode>
  </gmd:hierarchyLevel>
  <gmd:hierarchyLevelName>
    <gco:CharacterString>dataset</gco:CharacterString>
  </gmd:hierarchyLevelName>
  <gmd:contact>
    <gmd:CI_ResponsibleParty>
      <gmd:individualName>
        <gco:CharacterString>omit</gco:CharacterString>
      </gmd:individualName>
      <gmd:organisationName>
        <gco:CharacterString>LINZ - Land Information New Zealand</gco:CharacterString>
      </gmd:organisationName>
      <gmd:positionName>
        <gco:CharacterString>Chief Topographer</gco:CharacterString>
      </gmd:positionName>
      <gmd:contactInfo>
        <gmd:CI_Contact>
          <gmd:phone>
            <gmd:CI_Telephone>
              <gmd:voice>
                <gco:CharacterString>04 4600110</gco:CharacterString>
              </gmd:voice>
            </gmd:CI_Telephone>
          </gmd:phone>
          <gmd:address>
            <gmd:CI_Address>
              <gmd:deliveryPoint>
                <gco:CharacterString>155 The Terrace</gco:CharacterString>
              </gmd:deliveryPoint>
              <gmd:city>
                <gco:CharacterString>Wellington</gco:CharacterString>
              </gmd:city>
              <gmd:postalCode>
                <gco:CharacterString>6145</gco:CharacterString>
              </gmd:postalCode>
              <gmd:country>
                <gco:CharacterString>New Zealand</gco:CharacterString>
              </gmd:country>
              <gmd:electronicMailAddress>
                <gco:CharacterString>info@linz.govt.nz</gco:CharacterString>
              </gmd:electronicMailAddress>
            </gmd:CI_Address>
          </gmd:address>
        </gmd:CI_Contact>
      </gmd:contactInfo>
      <gmd:role>
        <gmd:CI_RoleCode codeList="http://asdd.ga.gov.au/asdd/profileinfo/gmxCodelists.xml#CI_RoleCode" codeListValue="resourceProvider">resourceProvider</gmd:CI_RoleCode>
      </gmd:role>
    </gmd:CI_ResponsibleParty>
  </gmd:contact>
  <gmd:dateStamp>
    <gco:Date>2016-03-02</gco:Date>
  </gmd:dateStamp>
  <gmd:metadataStandardName>
    <gco:CharacterString>ANZLIC Metadata Profile: An Australian/New Zealand Profile of AS/NZS ISO 19115:2005, Geographic information - Metadata</gco:CharacterString>
  </gmd:metadataStandardName>
  <gmd:metadataStandardVersion>
    <gco:CharacterString>1.1</gco:CharacterString>
  </gmd:metadataStandardVersion>
  <gmd:referenceSystemInfo>
    <gmd:MD_ReferenceSystem>
      <gmd:referenceSystemIdentifier>
        <gmd:RS_Identifier>
          <gmd:code>
            <gco:CharacterString>2193</gco:CharacterString>
          </gmd:code>
        </gmd:RS_Identifier>
      </gmd:referenceSystemIdentifier>
    </gmd:MD_ReferenceSystem>
  </gmd:referenceSystemInfo>
  <gmd:identificationInfo>
    <gmd:MD_DataIdentification>
      <gmd:citation>
        <gmd:CI_Citation>
          <gmd:title>
            <gco:CharacterString>NZ 8m Digital Elevation Model (2012)</gco:CharacterString>
          </gmd:title>
          <gmd:date>
            <gmd:CI_Date>
              <gmd:date>
                <gco:Date>2012-01</gco:Date>
              </gmd:date>
              <gmd:dateType>
                <gmd:CI_DateTypeCode codeList="http://asdd.ga.gov.au/asdd/profileinfo/gmxCodelists.xml#CI_DateTypeCode" codeListValue="creation">creation</gmd:CI_DateTypeCode>
              </gmd:dateType>
            </gmd:CI_Date>
          </gmd:date>
          <gmd:date>
            <gmd:CI_Date>
              <gmd:date>
                <gco:Date>2016-03</gco:Date>
              </gmd:date>
              <gmd:dateType>
                <gmd:CI_DateTypeCode codeList="http://asdd.ga.gov.au/asdd/profileinfo/gmxCodelists.xml#CI_DateTypeCode" codeListValue="revision">revision</gmd:CI_DateTypeCode>
              </gmd:dateType>
            </gmd:CI_Date>
          </gmd:date>
          <gmd:otherCitationDetails>
            <gco:CharacterString>http://geographx.co.nz</gco:CharacterString>
          </gmd:otherCitationDetails>
        </gmd:CI_Citation>
      </gmd:citation>
      <gmd:abstract>
        <gco:CharacterString>This 8m DEM was originally created by Geographx (http://geographx.co.nz) and was primarily derived from January 2012 LINZ Topo50 20m contours (https://data.linz.govt.nz/layer/768).

Spatial accuracy is nominally the same as for the LINZ source data: 90% of well-defined points are within ±22 metres horizontally and within ±10 metres vertically.
For a full description of the how the DEM was generated refer to this layer’s metadata.</gco:CharacterString>
      </gmd:abstract>
      <gmd:purpose>
        <gco:CharacterString>The main criterion in its production was the detailed and accurate depiction of natural landforms. It is therefore suitable primarily for cartographic visualisation. Because it was created by the interpolation of 20m contours with post-processing and filtering it is not suitable for terrain analysis.</gco:CharacterString>
      </gmd:purpose>
      <gmd:status>
        <gmd:MD_ProgressCode codeList="http://asdd.ga.gov.au/asdd/profileinfo/gmxCodelists.xml#MD_ProgressCode" codeListValue="completed">completed</gmd:MD_ProgressCode>
      </gmd:status>
      <gmd:pointOfContact>
        <gmd:CI_ResponsibleParty>
          <gmd:individualName>
            <gco:CharacterString>Omit</gco:CharacterString>
          </gmd:individualName>
          <gmd:organisationName>
            <gco:CharacterString>LINZ - Land Information New Zealand</gco:CharacterString>
          </gmd:organisationName>
          <gmd:positionName>
            <gco:CharacterString>Technical Leader, National Topographic Office</gco:CharacterString>
          </gmd:positionName>
          <gmd:contactInfo>
            <gmd:CI_Contact>
              <gmd:phone>
                <gmd:CI_Telephone>
                  <gmd:voice>
                    <gco:CharacterString>0800 665 463 or +64 4 460 0110</gco:CharacterString>
                  </gmd:voice>
                  <gmd:facsimile>
                    <gco:CharacterString>+64 4 472 2244</gco:CharacterString>
                  </gmd:facsimile>
                </gmd:CI_Telephone>
              </gmd:phone>
              <gmd:address>
                <gmd:CI_Address>
                  <gmd:deliveryPoint>
                    <gco:CharacterString>155 The Terrace</gco:CharacterString>
                  </gmd:deliveryPoint>
                  <gmd:city>
                    <gco:CharacterString>Wellington</gco:CharacterString>
                  </gmd:city>
                  <gmd:administrativeArea>
                    <gco:CharacterString/>
                  </gmd:administrativeArea>
                  <gmd:postalCode>
                    <gco:CharacterString>6145</gco:CharacterString>
                  </gmd:postalCode>
                  <gmd:country>
                    <gco:CharacterString>New Zealand</gco:CharacterString>
                  </gmd:country>
                  <gmd:electronicMailAddress>
                    <gco:CharacterString>info@linz.govt.nz</gco:CharacterString>
                  </gmd:electronicMailAddress>
                </gmd:CI_Address>
              </gmd:address>
            </gmd:CI_Contact>
          </gmd:contactInfo>
          <gmd:role>
            <gmd:CI_RoleCode codeList="http://asdd.ga.gov.au/asdd/profileinfo/gmxCodelists.xml#CI_RoleCode" codeListValue="pointOfContact">pointOfContact</gmd:CI_RoleCode>
          </gmd:role>
        </gmd:CI_ResponsibleParty>
      </gmd:pointOfContact>
      <gmd:resourceMaintenance>
        <gmd:MD_MaintenanceInformation>
          <gmd:maintenanceAndUpdateFrequency>
            <gmd:MD_MaintenanceFrequencyCode codeList="http://asdd.ga.gov.au/asdd/profileinfo/gmxCodelists.xml#MD_MaintenanceFrequencyCode" codeListValue="notPlanned">notPlanned</gmd:MD_MaintenanceFrequencyCode>
          </gmd:maintenanceAndUpdateFrequency>
        </gmd:MD_MaintenanceInformation>
      </gmd:resourceMaintenance>
      <gmd:resourceFormat>
        <gmd:MD_Format>
          <gmd:name>
            <gco:CharacterString>*.xml</gco:CharacterString>
          </gmd:name>
          <gmd:version>
            <gco:CharacterString>Unknown</gco:CharacterString>
          </gmd:version>
        </gmd:MD_Format>
      </gmd:resourceFormat>
      <gmd:descriptiveKeywords>
        <gmd:MD_Keywords>
          <gmd:keyword>
            <gco:CharacterString>New Zealand</gco:CharacterString>
          </gmd:keyword>
          <gmd:type>
            <gmd:MD_KeywordTypeCode codeList="http://asdd.ga.gov.au/asdd/profileinfo/gmxCodelists.xml#MD_KeywordTypeCode" codeListValue="theme">theme</gmd:MD_KeywordTypeCode>
          </gmd:type>
          <gmd:thesaurusName>
            <gmd:CI_Citation>
              <gmd:title>
                <gco:CharacterString>ANZLIC Jurisdictions</gco:CharacterString>
              </gmd:title>
              <gmd:date>
                <gmd:CI_Date>
                  <gmd:date>
                    <gco:Date>2008-10-29</gco:Date>
                  </gmd:date>
                  <gmd:dateType>
                    <gmd:CI_DateTypeCode codeList="http://asdd.ga.gov.au/asdd/profileinfo/gmxCodelists.xml#CI_DateTypeCode" codeListValue="revision">revision</gmd:CI_DateTypeCode>
                  </gmd:dateType>
                </gmd:CI_Date>
              </gmd:date>
              <gmd:edition>
                <gco:CharacterString>Version 2.1</gco:CharacterString>
              </gmd:edition>
              <gmd:editionDate>
                <gco:Date>2008-10-29</gco:Date>
              </gmd:editionDate>
              <gmd:identifier>
                <gmd:MD_Identifier>
                  <gmd:code>
                    <gco:CharacterString>http://asdd.ga.gov.au/asdd/profileinfo/anzlic-jurisdic.xml#anzlic-jurisdic</gco:CharacterString>
                  </gmd:code>
                </gmd:MD_Identifier>
              </gmd:identifier>
              <gmd:citedResponsibleParty>
                <gmd:CI_ResponsibleParty>
                  <gmd:organisationName>
                    <gco:CharacterString>ANZLIC the Spatial Information Council</gco:CharacterString>
                  </gmd:organisationName>
                  <gmd:role>
                    <gmd:CI_RoleCode codeList="http://asdd.ga.gov.au/asdd/profileinfo/gmxCodelists.xml#CI_RoleCode" codeListValue="custodian">custodian</gmd:CI_RoleCode>
                  </gmd:role>
                </gmd:CI_ResponsibleParty>
              </gmd:citedResponsibleParty>
            </gmd:CI_Citation>
          </gmd:thesaurusName>
        </gmd:MD_Keywords>
      </gmd:descriptiveKeywords>
      <gmd:resourceConstraints>
        <gmd:MD_SecurityConstraints>
          <gmd:classification>
            <gmd:MD_ClassificationCode codeList="http://asdd.ga.gov.au/asdd/profileinfo/gmxCodelists.xml#MD_ClassificationCode" codeListValue="unclassified">unclassified</gmd:MD_ClassificationCode>
          </gmd:classification>
        </gmd:MD_SecurityConstraints>
      </gmd:resourceConstraints>
      <gmd:resourceConstraints>
        <gmd:MD_LegalConstraints>
          <gmd:useLimitation>
            <gco:CharacterString>Copyright 2011 Crown copyright (c)

Land Information New Zealand and the New Zealand Government.

All rights reserved</gco:CharacterString>
          </gmd:useLimitation>
          <gmd:useConstraints>
            <gmd:MD_RestrictionCode codeList="http://asdd.ga.gov.au/asdd/profileinfo/gmxCodelists.xml#MD_RestrictionCode" codeListValue="copyright">copyright</gmd:MD_RestrictionCode>
          </gmd:useConstraints>
        </gmd:MD_LegalConstraints>
      </gmd:resourceConstraints>
      <gmd:resourceConstraints>
        <gmd:MD_LegalConstraints>
          <gmd:useLimitation>
            <gco:CharacterString>Released under Creative Commons Attribution 4.0 International</gco:CharacterString>
          </gmd:useLimitation>
          <gmd:useConstraints>
            <gmd:MD_RestrictionCode codeList="http://asdd.ga.gov.au/asdd/profileinfo/gmxCodelists.xml#MD_RestrictionCode" codeListValue="license">license</gmd:MD_RestrictionCode>
          </gmd:useConstraints>
        </gmd:MD_LegalConstraints>
      </gmd:resourceConstraints>
      <gmd:spatialRepresentationType>
        <gmd:MD_SpatialRepresentationTypeCode codeList="http://asdd.ga.gov.au/asdd/profileinfo/gmxCodelists.xml#MD_SpatialRepresentationTypeCode" codeListValue="grid">grid</gmd:MD_SpatialRepresentationTypeCode>
      </gmd:spatialRepresentationType>
      <gmd:spatialResolution>
        <gmd:MD_Resolution>
          <gmd:equivalentScale>
            <gmd:MD_RepresentativeFraction>
              <gmd:denominator>
                <gco:Integer>50000</gco:Integer>
              </gmd:denominator>
            </gmd:MD_RepresentativeFraction>
          </gmd:equivalentScale>
        </gmd:MD_Resolution>
      </gmd:spatialResolution>
      <gmd:language>
        <gco:CharacterString>eng</gco:CharacterString>
      </gmd:language>
      <gmd:characterSet>
        <gmd:MD_CharacterSetCode codeList="http://asdd.ga.gov.au/asdd/profileinfo/gmxCodelists.xml#MD_CharacterSetCode" codeListValue="utf8">utf8</gmd:MD_CharacterSetCode>
      </gmd:characterSet>
      <gmd:topicCategory>
        <gmd:MD_TopicCategoryCode>elevation</gmd:MD_TopicCategoryCode>
      </gmd:topicCategory>
      <gmd:topicCategory>
        <gmd:MD_TopicCategoryCode>imageryBaseMapsEarthCover</gmd:MD_TopicCategoryCode>
      </gmd:topicCategory>
      <gmd:extent>
        <gmd:EX_Extent>
          <gmd:geographicElement>
            <gmd:EX_GeographicBoundingBox>
              <gmd:westBoundLongitude>
                <gco:Decimal>166.315721815</gco:Decimal>
              </gmd:westBoundLongitude>
              <gmd:eastBoundLongitude>
                <gco:Decimal>178.610844756</gco:Decimal>
              </gmd:eastBoundLongitude>
              <gmd:southBoundLatitude>
                <gco:Decimal>-47.534528605</gco:Decimal>
              </gmd:southBoundLatitude>
              <gmd:northBoundLatitude>
                <gco:Decimal>-34.0302522085</gco:Decimal>
              </gmd:northBoundLatitude>
            </gmd:EX_GeographicBoundingBox>
          </gmd:geographicElement>
        </gmd:EX_Extent>
      </gmd:extent>
    </gmd:MD_DataIdentification>
  </gmd:identificationInfo>
  <gmd:distributionInfo>
    <gmd:MD_Distribution>
      <gmd:transferOptions>
        <gmd:MD_DigitalTransferOptions>
          <gmd:onLine>
            <gmd:CI_OnlineResource>
              <gmd:linkage>
                <gmd:URL>https://data.linz.govt.nz/layer/51768-nz-8m-digital-elevation-model-2012/</gmd:URL>
              </gmd:linkage>
            </gmd:CI_OnlineResource>
          </gmd:onLine>
        </gmd:MD_DigitalTransferOptions>
      </gmd:transferOptions>
    </gmd:MD_Distribution>
  </gmd:distributionInfo>
  <gmd:dataQualityInfo>
    <gmd:DQ_DataQuality>
      <gmd:scope>
        <gmd:DQ_Scope>
          <gmd:level>
            <gmd:MD_ScopeCode codeList="http://asdd.ga.gov.au/asdd/profileinfo/gmxCodelists.xml#MD_ScopeCode" codeListValue="dataset">dataset</gmd:MD_ScopeCode>
          </gmd:level>
          <gmd:levelDescription>
            <gmd:MD_ScopeDescription>
              <gmd:other>
                <gco:CharacterString>dataset</gco:CharacterString>
              </gmd:other>
            </gmd:MD_ScopeDescription>
          </gmd:levelDescription>
        </gmd:DQ_Scope>
      </gmd:scope>
      <gmd:lineage>
        <gmd:LI_Lineage>
          <gmd:statement>
            <gco:CharacterString>The Geographx New Zealand Digital Elevation Model version 2.1 covers the three main islands of New Zealand (North Is, South Is, Rakiura/Stewart Is) at a cell resolution of 8 metres.
It is prepared primarily from 1:50 000 topographic data from Land Information New Zealand (the LINZ classes used are contour, height, coastline, island, lake, lagoon, pond, reservoir, sand, mud, shingle, reef, shoal, rock (polygons and points) and rock outcrop), with 3-second SRTM data (USGS, Shuttle Radar Topography Mission (February 2000), unfilled finished version B (2006). Global Land Cover Facility, University of Maryland - www.landcover.org) used in a supporting role.

The main criterion in its production is the detailed and accurate depiction of natural landforms. It is therefore suitable primarily for cartographic visualisation. It may also be useful for terrain analysis, before the acquisition of high-resolution data for a region of interest.

Spatial accuracy is nominally the same as for the LINZ source data: 90% of well-defined points are within ±22 metres horizontally and within ±10 metres vertically.

The DEM is initially derived by constrained triangulation, with post-processing using the DEST algorithm (Favalli M and M T Pareschi, “Digital elevation model construction from structured topographic data: the DEST algorithm”, J Geophysical Research 109 (2004)), followed by signal detection and filtering to suppress artifacts while preserving natural form. Processing is performed in Manifold System 8.

Waterbody elevations
In version 2.1, all LINZ waterbody classes (lake, lagoon, pond and reservoir) are given either a validated LINZ height, or an estimated height.
Validation was performed by correlating LINZ waterbody elevations to the height of the underlying contour, the correlation being used to identify outlying values, which were validated, excluded or (in the case of obvious typographical errors) corrected.

A revised correlation, along with constrained SRTM heights and information about local convexity or concavity, was then used to estimate all waterbody heights. Parameters were adjusted to minimize RMS difference between estimated height and validated LINZ heights.
Waterbodies with no LINZ elevation (or with an invalidated elevation) were then given the
estimated height.

Coastal elevations
Coastal features have been assigned representative elevations. The LINZ coastline and island
outlines depict not mean sea level, but high water mark (generally the line of visible debris), and
are assigned a constant elevation of 1.5m. Coastal sand, mud and shingle are given elevation 1.0m, while coastal rock, reefs and shoals are assigned 0.5m.

This layer was modified 01 March 2016 using 'gdalwarp' to covert the values in ocean regions to 'no data'.  Ocean regions are determined by overlaying the LINZ Topo50 Coastlines and Polygons (https://data.linz.govt.nz/layer/1153-nz-coastlines-and-islands-polygons-topo-150k/)and converting those values outside the coastlines layer.  This action was performed for each individual DEM tiles in a batched process.  The projection used for the entire operation is NZTM.

For Windows:  FOR %i in (*.tif) do (gdalwarp -s_srs EPSG:2193 -cutline ~\topo50_coastline.shp %i ~\dem_clip\%i)

For LINUX: find . -name '*.gdb' | xargs -P 3 -t -n1 -I % gdalwarp -s_srs EPSG:2193 -cutline ~\topo50_coastline.shp % ~\dem_clip\%

The result is a DEM for only the land regions of NZ.</gco:CharacterString>
          </gmd:statement>
        </gmd:LI_Lineage>
      </gmd:lineage>
    </gmd:DQ_DataQuality>
  </gmd:dataQualityInfo>
  <gmd:metadataConstraints>
    <gmd:MD_SecurityConstraints>
      <gmd:classification>
        <gmd:MD_ClassificationCode codeList="http://asdd.ga.gov.au/asdd/profileinfo/gmxCodelists.xml#MD_ClassificationCode" codeListValue="unclassified">unclassified</gmd:MD_ClassificationCode>
      </gmd:classification>
    </gmd:MD_SecurityConstraints>
  </gmd:metadataConstraints>
  <gmd:metadataConstraints>
    <gmd:MD_LegalConstraints>
      <gmd:useLimitation>
        <gco:CharacterString>Copyright 2011 Crown copyright (c)

Land Information New Zealand and the New Zealand Government.

All rights reserved</gco:CharacterString>
      </gmd:useLimitation>
      <gmd:useConstraints>
        <gmd:MD_RestrictionCode codeList="http://asdd.ga.gov.au/asdd/profileinfo/gmxCodelists.xml#MD_RestrictionCode" codeListValue="copyright">copyright</gmd:MD_RestrictionCode>
      </gmd:useConstraints>
    </gmd:MD_LegalConstraints>
  </gmd:metadataConstraints>
  <gmd:metadataConstraints>
    <gmd:MD_LegalConstraints>
      <gmd:useLimitation>
        <gco:CharacterString>Released under Creative Commons Attribution 4.0 International</gco:CharacterString>
      </gmd:useLimitation>
      <gmd:useConstraints>
        <gmd:MD_RestrictionCode codeList="http://asdd.ga.gov.au/asdd/profileinfo/gmxCodelists.xml#MD_RestrictionCode" codeListValue="license">license</gmd:MD_RestrictionCode>
      </gmd:useConstraints>
    </gmd:MD_LegalConstraints>
  </gmd:metadataConstraints>
</gmd:MD_Metadata>
